name,student_id,phone,tenant_id
Soumeet,1,916371070959,delhi
Rahul Sharma,2,916371070959,delhi
Priya Patel,3,916371070959,delhi
Amit Kumar,4,916371070959,delhi
Sneha Reddy,5,916371070959,delhi
Vikram Singh,6,916371070959,delhi
Anita Desai,7,916371070959,delhi
Rajesh Nair,8,916371070959,delhi
Kavita Iyer,9,916371070959,delhi
Suresh Menon,10,916371070959,delhi
Deepa Krishnan,11,916371070959,delhi
90-=\]y,12,916371070959,delhi
Guest_13,13,916371070959,delhi
Guest_14,14,916371070959,delhi
Guest_15,15,916371070959,delhi
Guest_16,16,916371070959,delhi
Guest_17,17,916371070959,delhi
Guest_18,18,916371070959,delhi
Guest_19,19,916371070959,delhi
oum,20,916371070959,delhi
